Week,Name,Position,Rank,PredictRank,Act_QB_DKPtsRank,Prediction_Vs_Actual_Rank,Prediction
13,Justin Herbert,QB,3,1.0,3.0,-2.0,8.42844
4,Teddy Bridgewater,QB,33,1.0,33.0,-32.0,6.9857497
15,Jalen Hurts,QB,3,1.0,3.0,-2.0,3.7345462
14,Kyler Murray,QB,14,1.0,8.0,-7.0,5.4024034
5,Kyler Murray,QB,22,1.0,23.0,-22.0,3.5325093
6,Jalen Hurts,QB,6,1.0,10.0,-9.0,4.3436437
16,Josh Allen,QB,3,1.0,3.0,-2.0,6.639543
17,Joe Burrow,QB,1,1.0,1.0,0.0,7.957865
3,Lamar Jackson,QB,14,1.0,14.0,-13.0,7.971428
11,Jalen Hurts,QB,3,1.0,3.0,-2.0,2.7678602
18,Ryan Tannehill,QB,3,1.0,5.0,-4.0,6.8782115
12,Ryan Tannehill,QB,28,1.0,29.0,-28.0,3.9142227
7,Jalen Hurts,QB,6,1.0,9.0,-8.0,6.000621
8,Matthew Stafford,QB,6,1.0,6.0,-5.0,5.3941126
10,Matthew Stafford,QB,19,1.0,17.0,-16.0,2.8256826
9,Matthew Stafford,QB,17,1.0,16.0,-15.0,6.909037
8,Tom Brady,QB,5,2.0,1.0,1.0,5.9480524
9,Justin Herbert,QB,1,2.0,2.0,0.0,8.002255
4,Matthew Stafford,QB,16,2.0,15.0,-13.0,8.823201
16,Joe Burrow,QB,1,2.0,1.0,1.0,7.995991
17,Ryan Tannehill,QB,15,2.0,16.0,-14.0,8.150741
3,Jameis Winston,QB,23,2.0,25.0,-23.0,9.397019
13,Kyler Murray,QB,1,2.0,2.0,0.0,10.490236
6,Jared Goff,QB,26,2.0,27.0,-25.0,8.686233
12,Dak Prescott,QB,3,2.0,4.0,-2.0,6.3014545
14,Justin Fields,QB,11,2.0,9.0,-7.0,9.407517
5,Tom Brady,QB,3,2.0,3.0,-1.0,9.793115
10,Jalen Hurts,QB,6,2.0,6.0,-4.0,3.5697157
15,Justin Fields,QB,10,2.0,10.0,-8.0,5.335059
11,Justin Fields,QB,28,2.0,29.0,-27.0,5.88425
18,Tom Brady,QB,6,2.0,4.0,-2.0,8.2722845
7,Jameis Winston,QB,15,2.0,15.0,-13.0,10.190796
9,Patrick Mahomes,QB,19,3.0,22.0,-19.0,9.7556
16,Matthew Stafford,QB,29,3.0,25.0,-22.0,8.806437
15,Justin Herbert,QB,6,3.0,4.0,-1.0,5.7064767
13,Joe Burrow,QB,13,3.0,6.0,-3.0,11.870145
5,Patrick Mahomes,QB,14,3.0,13.0,-10.0,10.062716
8,Jalen Hurts,QB,25,3.0,24.0,-21.0,7.6377416
6,Justin Herbert,QB,22,3.0,22.0,-19.0,8.770536
10,Justin Herbert,QB,16,3.0,15.0,-12.0,5.56551
12,Aaron Rodgers,QB,2,3.0,1.0,2.0,10.156411
7,Matthew Stafford,QB,1,3.0,3.0,0.0,11.041945
11,Patrick Mahomes,QB,27,3.0,25.0,-22.0,7.8348
14,Justin Herbert,QB,4,3.0,6.0,-3.0,11.588926
4,Patrick Mahomes,QB,1,3.0,2.0,1.0,8.9252405
18,Davis Mills,QB,4,3.0,3.0,0.0,10.735153
3,Mac Jones,QB,26,3.0,23.0,-20.0,10.453063
17,Matthew Stafford,QB,14,3.0,10.0,-7.0,9.001065
4,Jared Goff,QB,22,4.0,16.0,-12.0,10.387049
13,Lamar Jackson,QB,11,4.0,10.0,-6.0,12.448947
6,Trevor Lawrence,QB,15,4.0,13.0,-9.0,9.121957
5,Mac Jones,QB,24,4.0,24.0,-20.0,11.345346
9,Kirk Cousins,QB,7,4.0,7.0,-3.0,9.9909
12,Kirk Cousins,QB,14,4.0,12.0,-8.0,10.251759
17,Justin Herbert,QB,11,4.0,12.0,-8.0,10.612124
14,Patrick Mahomes,QB,9,4.0,12.0,-8.0,12.8682785
11,Justin Herbert,QB,1,4.0,1.0,3.0,10.042034
7,Lamar Jackson,QB,7,4.0,7.0,-3.0,11.498003
8,Matt Ryan,QB,31,4.0,31.0,-27.0,8.50072
15,Tom Brady,QB,30,4.0,28.0,-24.0,6.060594
3,Russell Wilson,QB,19,4.0,22.0,-18.0,11.149063
16,Trevor Lawrence,QB,20,4.0,20.0,-16.0,9.589999
10,Tom Brady,QB,14,4.0,14.0,-10.0,9.144661
18,Patrick Mahomes,QB,5,4.0,7.0,-3.0,11.444206
13,Tom Brady,QB,2,5.0,1.0,4.0,13.069889
9,Joe Burrow,QB,25,5.0,23.0,-18.0,10.552424
16,Kyler Murray,QB,6,5.0,7.0,-2.0,9.989144
3,Patrick Mahomes,QB,7,5.0,9.0,-4.0,11.933727
4,Sam Darnold,QB,2,5.0,1.0,4.0,11.058374
6,Joe Burrow,QB,9,5.0,11.0,-6.0,11.122648
18,Trevor Lawrence,QB,11,5.0,13.0,-8.0,11.845137
14,Joe Burrow,QB,7,5.0,5.0,0.0,13.068519
7,Jared Goff,QB,20,5.0,18.0,-13.0,11.832384
17,Ben Roethlisberger,QB,27,5.0,27.0,-22.0,10.968894
11,Kirk Cousins,QB,5,5.0,4.0,1.0,10.6063
10,Josh Allen,QB,3,5.0,3.0,2.0,10.791243
15,Kyler Murray,QB,17,5.0,16.0,-11.0,6.924008
5,Matthew Stafford,QB,17,5.0,15.0,-10.0,11.541868
8,Kirk Cousins,QB,19,5.0,21.0,-16.0,10.566276
12,Joe Burrow,QB,11,5.0,11.0,-6.0,11.449857
12,Jalen Hurts,QB,29,6.0,27.0,-21.0,11.687093
17,Carson Wentz,QB,21,6.0,23.0,-17.0,11.867735
18,Kyler Murray,QB,14,6.0,16.0,-10.0,12.31933
7,Tom Brady,QB,5,6.0,6.0,0.0,11.854701
13,Patrick Mahomes,QB,16,6.0,18.0,-12.0,13.497706
3,Derek Carr,QB,9,6.0,8.0,-2.0,12.828214
5,Sam Darnold,QB,33,6.0,29.0,-23.0,11.66147
16,Tom Brady,QB,17,6.0,18.0,-12.0,10.3807535
15,Josh Allen,QB,7,6.0,7.0,-1.0,7.1565
6,Patrick Mahomes,QB,8,6.0,4.0,2.0,11.177875
11,Tom Brady,QB,10,6.0,8.0,-2.0,11.402253
4,Kirk Cousins,QB,27,6.0,27.0,-21.0,11.0669365
10,Patrick Mahomes,QB,1,6.0,1.0,5.0,10.900061
8,Sam Darnold,QB,23,6.0,23.0,-17.0,11.25218
14,Derek Carr,QB,24,6.0,22.0,-16.0,13.235954
9,Daniel Jones,QB,23,6.0,24.0,-18.0,11.102742
10,Lamar Jackson,QB,11,7.0,10.0,-3.0,11.224654
17,Davis Mills,QB,25,7.0,26.0,-19.0,12.408754
3,Jared Goff,QB,28,7.0,29.0,-22.0,12.834144
7,Joe Burrow,QB,2,7.0,1.0,6.0,12.771721
8,Ben Roethlisberger,QB,16,7.0,17.0,-10.0,11.301765
18,Tyler Huntley,QB,32,7.0,30.0,-23.0,12.7629795
11,Joe Burrow,QB,21,7.0,22.0,-15.0,12.720422
12,Baker Mayfield,QB,19,7.0,19.0,-12.0,11.952966
9,Derek Carr,QB,20,7.0,18.0,-11.0,11.617182
5,Carson Wentz,QB,9,7.0,7.0,0.0,11.988512
4,Jacoby Brissett,QB,23,7.0,23.0,-16.0,11.081295
16,Ryan Tannehill,QB,16,7.0,17.0,-10.0,10.440904
13,Derek Carr,QB,17,7.0,20.0,-13.0,13.691138
15,Patrick Mahomes,QB,2,7.0,2.0,5.0,7.7190847
6,Geno Smith,QB,24,7.0,24.0,-17.0,12.220835
14,Tom Brady,QB,2,7.0,2.0,5.0,13.28601
10,Trevor Lawrence,QB,20,8.0,21.0,-13.0,12.005967
4,Tom Brady,QB,26,8.0,28.0,-20.0,11.3606615
5,Derek Carr,QB,31,8.0,31.0,-23.0,11.995763
15,Kirk Cousins,QB,22,8.0,23.0,-15.0,9.106643
18,Dak Prescott,QB,1,8.0,1.0,7.0,12.858896
16,Aaron Rodgers,QB,7,8.0,9.0,-1.0,10.687142
11,Taylor Heinicke,QB,7,8.0,9.0,-1.0,12.837282
3,Carson Wentz,QB,29,8.0,30.0,-22.0,13.180643
8,Joe Burrow,QB,10,8.0,11.0,-3.0,12.105889
7,Derek Carr,QB,13,8.0,8.0,0.0,12.877407
14,Josh Allen,QB,1,8.0,1.0,7.0,15.014521
17,Josh Allen,QB,7,8.0,7.0,1.0,12.4105835
13,Josh Allen,QB,21,8.0,19.0,-11.0,14.244184
9,Dak Prescott,QB,9,8.0,10.0,-2.0,11.798125
6,Lamar Jackson,QB,21,8.0,21.0,-13.0,12.250176
12,PJ Walker,QB,33,8.0,32.0,-24.0,13.3362055
14,Aaron Rodgers,QB,3,9.0,3.0,6.0,15.094976
9,Teddy Bridgewater,QB,6,9.0,8.0,1.0,11.969742
15,Dak Prescott,QB,20,9.0,22.0,-13.0,9.488867
5,Russell Wilson,QB,27,9.0,27.0,-18.0,12.208929
4,Jimmy Garoppolo,QB,30,9.0,29.0,-20.0,11.713811
7,Justin Fields,QB,31,9.0,24.0,-15.0,13.470038
6,Derek Carr,QB,10,9.0,9.0,0.0,12.342104
16,Derek Carr,QB,25,9.0,23.0,-14.0,11.430841
8,Kyler Murray,QB,29,9.0,25.0,-16.0,12.712654
11,Derek Carr,QB,23,9.0,20.0,-11.0,12.988702
10,Russell Wilson,QB,26,9.0,22.0,-13.0,13.248121
12,Tom Brady,QB,20,9.0,21.0,-12.0,13.437949
3,Justin Herbert,QB,2,9.0,4.0,5.0,13.274298
17,Jalen Hurts,QB,18,9.0,18.0,-9.0,12.536763
13,Dak Prescott,QB,22,9.0,21.0,-12.0,15.392238
18,Matthew Stafford,QB,12,9.0,11.0,-2.0,13.418038
16,Justin Herbert,QB,11,10.0,10.0,0.0,12.755589
12,Matthew Stafford,QB,4,10.0,5.0,5.0,13.950962
13,Matthew Stafford,QB,4,10.0,5.0,5.0,15.507315
18,Carson Wentz,QB,24,10.0,26.0,-16.0,13.750366
6,Ryan Tannehill,QB,19,10.0,20.0,-10.0,12.477545
15,Matthew Stafford,QB,11,10.0,11.0,-1.0,9.654169
5,Ryan Tannehill,QB,21,10.0,22.0,-12.0,12.505626
10,Matt Ryan,QB,33,10.0,32.0,-22.0,13.394266
3,Ben Roethlisberger,QB,24,10.0,18.0,-8.0,13.472291
8,Carson Wentz,QB,11,10.0,12.0,-2.0,13.571388
17,Taylor Heinicke,QB,24,10.0,25.0,-15.0,12.576235
11,Tua Tagovailoa,QB,13,10.0,13.0,-3.0,12.997243
7,Carson Wentz,QB,10,10.0,13.0,-3.0,13.499641
14,Tyler Huntley,QB,16,10.0,15.0,-5.0,15.260468
9,Matt Ryan,QB,3,10.0,3.0,7.0,12.791489
4,Taylor Heinicke,QB,5,10.0,6.0,4.0,12.322303
9,Mike White,QB,24,11.0,27.0,-16.0,13.404785
4,Justin Herbert,QB,12,11.0,13.0,-2.0,12.700964
16,Kirk Cousins,QB,15,11.0,8.0,3.0,13.121884
10,Ryan Tannehill,QB,6,11.0,8.0,3.0,13.406805
6,Teddy Bridgewater,QB,12,11.0,8.0,3.0,13.225566
8,Jared Goff,QB,30,11.0,30.0,-19.0,14.924737
13,Jimmy Garoppolo,QB,14,11.0,11.0,0.0,16.15333
12,Justin Herbert,QB,8,11.0,6.0,5.0,14.167144
3,Joe Burrow,QB,17,11.0,15.0,-4.0,13.491768
17,Kyler Murray,QB,5,11.0,4.0,7.0,13.243352
14,Kirk Cousins,QB,19,11.0,17.0,-6.0,15.502531
5,Justin Herbert,QB,1,11.0,1.0,10.0,12.686065
7,Daniel Jones,QB,16,11.0,16.0,-5.0,14.130923
18,Mac Jones,QB,25,11.0,22.0,-11.0,14.358685
11,Josh Allen,QB,14,11.0,15.0,-4.0,13.3869915
15,Aaron Rodgers,QB,4,11.0,5.0,6.0,10.067745
16,Cam Newton,QB,34,12.0,34.0,-22.0,13.493257
17,Cam Newton,QB,34,12.0,34.0,-22.0,13.449544
14,Lamar Jackson,QB,29,12.0,30.0,-18.0,15.702369
10,Derek Carr,QB,8,12.0,7.0,5.0,13.674952
18,Derek Carr,QB,16,12.0,19.0,-7.0,14.640486
9,Josh Allen,QB,21,12.0,20.0,-8.0,13.792481
11,Jimmy Garoppolo,QB,16,12.0,17.0,-5.0,13.540035
12,Josh Allen,QB,1,12.0,2.0,10.0,14.22836
15,Derek Carr,QB,23,12.0,19.0,-7.0,11.029126
13,Kirk Cousins,QB,6,12.0,4.0,8.0,16.176542
3,Matt Ryan,QB,21,12.0,21.0,-9.0,13.526251
8,Ryan Tannehill,QB,8,12.0,7.0,5.0,15.242445
7,Jimmy Garoppolo,QB,23,12.0,23.0,-11.0,14.173244
5,Daniel Jones,QB,34,12.0,34.0,-22.0,12.732242
4,Josh Allen,QB,14,12.0,14.0,-2.0,12.802597
6,Tom Brady,QB,13,12.0,14.0,-2.0,13.3535385
9,Justin Fields,QB,10,13.0,9.0,4.0,13.854142
11,Ryan Tannehill,QB,20,13.0,14.0,-1.0,13.740973
3,Sam Darnold,QB,5,13.0,5.0,8.0,13.86559
7,Sam Darnold,QB,28,13.0,27.0,-14.0,14.201959
6,Justin Fields,QB,18,13.0,19.0,-6.0,13.699801
12,Derek Carr,QB,6,13.0,8.0,5.0,14.313421
17,Aaron Rodgers,QB,9,13.0,9.0,4.0,13.7980585
10,Baker Mayfield,QB,28,13.0,27.0,-14.0,13.783561
18,Russell Wilson,QB,7,13.0,6.0,7.0,15.534198
13,Carson Wentz,QB,23,13.0,23.0,-10.0,17.167099
15,Russell Wilson,QB,31,13.0,30.0,-17.0,15.307484
16,Taylor Heinicke,QB,33,13.0,32.0,-19.0,14.62257
4,Carson Wentz,QB,18,13.0,19.0,-6.0,13.0402155
14,Matt Ryan,QB,21,13.0,24.0,-11.0,15.920576
8,Justin Herbert,QB,18,13.0,14.0,-1.0,15.610005
5,Jared Goff,QB,32,13.0,33.0,-20.0,13.382114
13,Taylor Heinicke,QB,15,14.0,15.0,-1.0,17.621367
18,Aaron Rodgers,QB,19,14.0,21.0,-7.0,16.027779
17,Trevor Lawrence,QB,26,14.0,24.0,-10.0,14.257691
5,Taylor Heinicke,QB,25,14.0,25.0,-11.0,13.817818
4,Mac Jones,QB,21,14.0,20.0,-6.0,13.284677
11,Mac Jones,QB,18,14.0,19.0,-5.0,13.855797
7,Ryan Tannehill,QB,12,14.0,14.0,0.0,15.3304825
3,Zach Wilson,QB,33,14.0,32.0,-18.0,14.29155
12,Lamar Jackson,QB,25,14.0,18.0,-4.0,15.135449
6,Dak Prescott,QB,3,14.0,1.0,13.0,14.806661
16,Dak Prescott,QB,2,14.0,2.0,12.0,14.938916
14,Taylor Heinicke,QB,26,14.0,26.0,-12.0,16.827423
9,Ryan Tannehill,QB,16,14.0,17.0,-3.0,14.018181
15,Ryan Tannehill,QB,24,14.0,20.0,-6.0,15.5184
8,Justin Fields,QB,4,14.0,3.0,11.0,15.969089
10,Taylor Heinicke,QB,10,14.0,12.0,2.0,14.023937
13,Andy Dalton,QB,20,15.0,17.0,-2.0,17.788263
12,Zach Wilson,QB,24,15.0,26.0,-11.0,15.474892
4,Jameis Winston,QB,25,15.0,25.0,-10.0,13.380793
16,Baker Mayfield,QB,22,15.0,19.0,-4.0,15.034264
17,Dak Prescott,QB,4,15.0,6.0,9.0,14.302945
8,Mac Jones,QB,24,15.0,28.0,-13.0,16.089912
9,Mac Jones,QB,26,15.0,26.0,-11.0,14.143952
5,Andy Dalton,QB,36,15.0,36.0,-21.0,13.8828335
18,Ben Roethlisberger,QB,23,15.0,23.0,-8.0,16.126104
14,Ryan Tannehill,QB,15,15.0,16.0,-1.0,17.026287
3,Matthew Stafford,QB,3,15.0,2.0,13.0,14.68395
10,Kirk Cousins,QB,9,15.0,9.0,6.0,14.916872
11,Carson Wentz,QB,19,15.0,21.0,-6.0,15.286287
15,Jimmy Garoppolo,QB,13,15.0,15.0,0.0,16.009935
7,Aaron Rodgers,QB,4,15.0,5.0,10.0,16.229624
6,Josh Allen,QB,1,15.0,3.0,12.0,15.877334
12,Carson Wentz,QB,7,16.0,3.0,13.0,16.368292
18,Justin Herbert,QB,2,16.0,2.0,14.0,16.491833
10,Dak Prescott,QB,2,16.0,2.0,14.0,15.067695
6,Matthew Stafford,QB,5,16.0,5.0,11.0,16.210161
13,Jared Goff,QB,7,16.0,8.0,8.0,18.06407
9,Sam Darnold,QB,29,16.0,29.0,-13.0,15.02357
16,Matt Ryan,QB,19,16.0,21.0,-5.0,15.177491
14,Teddy Bridgewater,QB,17,16.0,20.0,-4.0,17.062231
15,Matt Ryan,QB,15,16.0,14.0,2.0,16.419065
5,Teddy Bridgewater,QB,15,16.0,16.0,0.0,14.00026
17,Matt Ryan,QB,28,16.0,28.0,-12.0,14.935637
7,Taylor Heinicke,QB,11,16.0,12.0,4.0,16.74806
4,Matt Ryan,QB,3,16.0,4.0,12.0,13.853589
8,Aaron Rodgers,QB,14,16.0,15.0,1.0,16.149569
11,Russell Wilson,QB,24,16.0,27.0,-11.0,15.752872
3,Baker Mayfield,QB,18,16.0,19.0,-3.0,14.916031
14,Matthew Stafford,QB,6,17.0,7.0,10.0,17.402626
17,Tyler Huntley,QB,20,17.0,20.0,-3.0,15.021995
10,Jacoby Brissett,QB,24,17.0,25.0,-8.0,16.318394
11,Dak Prescott,QB,29,17.0,28.0,-11.0,15.942368
3,Trevor Lawrence,QB,30,17.0,27.0,-10.0,15.1671915
7,Kyler Murray,QB,9,17.0,10.0,7.0,16.871405
8,Mike White,QB,3,17.0,4.0,13.0,16.264776
6,Kyler Murray,QB,4,17.0,6.0,11.0,16.307972
5,Lamar Jackson,QB,2,17.0,2.0,15.0,14.070941
4,Aaron Rodgers,QB,8,17.0,9.0,8.0,13.996626
9,Jalen Hurts,QB,12,17.0,13.0,4.0,15.095263
13,Zach Wilson,QB,5,17.0,7.0,10.0,18.756172
15,Teddy Bridgewater,QB,29,17.0,31.0,-14.0,17.376642
12,Taylor Heinicke,QB,21,17.0,22.0,-5.0,16.410583
16,Jimmy Garoppolo,QB,18,17.0,11.0,6.0,15.56718
18,Kirk Cousins,QB,10,17.0,10.0,7.0,16.685415
9,Jacoby Brissett,QB,22,18.0,21.0,-3.0,15.429273
16,Tua Tagovailoa,QB,21,18.0,22.0,-4.0,16.014898
7,Davis Mills,QB,25,18.0,25.0,-7.0,16.973227
3,Jimmy Garoppolo,QB,22,18.0,20.0,-2.0,15.195126
10,Teddy Bridgewater,QB,21,18.0,20.0,-2.0,16.692352
15,Carson Wentz,QB,27,18.0,27.0,-9.0,17.448626
11,Daniel Jones,QB,26,18.0,24.0,-6.0,16.829222
14,Dak Prescott,QB,25,18.0,23.0,-5.0,17.447433
18,Josh Allen,QB,8,18.0,8.0,10.0,16.8766
17,Patrick Mahomes,QB,8,18.0,8.0,10.0,15.553841
8,Daniel Jones,QB,13,18.0,13.0,5.0,16.685255
6,Aaron Rodgers,QB,7,18.0,12.0,6.0,16.603905
13,Mac Jones,QB,28,18.0,28.0,-10.0,19.03301
4,Dak Prescott,QB,6,18.0,7.0,11.0,14.721574
12,Tyrod Taylor,QB,15,18.0,13.0,5.0,16.687817
5,Matt Ryan,QB,11,18.0,9.0,9.0,14.819058
13,Teddy Bridgewater,QB,19,19.0,16.0,3.0,19.046999
11,Matt Ryan,QB,30,19.0,30.0,-11.0,16.935938
18,Matt Ryan,QB,25,19.0,25.0,-6.0,17.049494
15,Jacoby Brissett,QB,35,19.0,36.0,-17.0,17.672644
4,Joe Burrow,QB,11,19.0,8.0,11.0,14.942711
14,Russell Wilson,QB,8,19.0,14.0,5.0,17.805992
8,Jimmy Garoppolo,QB,2,19.0,5.0,14.0,16.729925
9,Carson Wentz,QB,5,19.0,5.0,14.0,15.644197
16,Carson Wentz,QB,10,19.0,13.0,6.0,16.284132
7,Patrick Mahomes,QB,22,19.0,22.0,-3.0,17.152346
6,Baker Mayfield,QB,20,19.0,16.0,3.0,16.729393
5,Aaron Rodgers,QB,13,19.0,11.0,8.0,15.459525
10,Jimmy Garoppolo,QB,12,19.0,13.0,6.0,16.828056
3,Teddy Bridgewater,QB,25,19.0,26.0,-7.0,15.332163
17,Tom Brady,QB,3,19.0,2.0,17.0,16.603273
12,Jimmy Garoppolo,QB,22,19.0,23.0,-4.0,16.712032
8,Jameis Winston,QB,27,20.0,27.0,-7.0,16.932446
9,Tyrod Taylor,QB,27,20.0,25.0,-5.0,15.887017
10,Carson Wentz,QB,23,20.0,24.0,-4.0,17.652254
18,Jimmy Garoppolo,QB,20,20.0,14.0,6.0,17.492758
17,Derek Carr,QB,23,20.0,21.0,-1.0,17.352087
15,Davis Mills,QB,12,20.0,13.0,7.0,18.736303
4,Kyler Murray,QB,9,20.0,10.0,10.0,15.010481
12,Ben Roethlisberger,QB,27,20.0,24.0,-4.0,16.900246
14,Baker Mayfield,QB,18,20.0,18.0,2.0,18.643223
13,Matt Ryan,QB,18,20.0,22.0,-2.0,20.755344
6,Davis Mills,QB,27,20.0,26.0,-6.0,16.911428
5,Dak Prescott,QB,12,20.0,8.0,12.0,15.925054
11,Aaron Rodgers,QB,2,20.0,2.0,18.0,17.080343
16,Patrick Mahomes,QB,5,20.0,6.0,14.0,16.622751
7,Zach Wilson,QB,29,20.0,30.0,-10.0,17.157398
3,Aaron Rodgers,QB,16,20.0,16.0,4.0,15.436036
18,Jake Fromm,QB,30,21.0,28.0,-7.0,18.645725
15,Tua Tagovailoa,QB,14,21.0,12.0,9.0,19.377113
6,Carson Wentz,QB,14,21.0,15.0,6.0,17.085754
3,Jalen Hurts,QB,10,21.0,7.0,14.0,15.4779415
11,Trey Lance,QB,32,21.0,33.0,-12.0,17.842276
13,Tua Tagovailoa,QB,10,21.0,12.0,9.0,20.883265
10,Mac Jones,QB,4,21.0,4.0,17.0,17.789627
12,Russell Wilson,QB,9,21.0,10.0,11.0,18.779222
5,Baker Mayfield,QB,7,21.0,10.0,11.0,16.101358
8,Davis Mills,QB,9,21.0,9.0,12.0,16.959637
7,Tua Tagovailoa,QB,3,21.0,2.0,19.0,19.606943
9,Baker Mayfield,QB,11,21.0,12.0,9.0,15.896387
4,Ben Roethlisberger,QB,29,21.0,26.0,-5.0,15.189849
14,Davis Mills,QB,13,21.0,10.0,11.0,20.798904
16,Jake Fromm,QB,37,21.0,37.0,-16.0,17.45798
17,Russell Wilson,QB,2,21.0,3.0,18.0,18.460907
9,Trevor Siemian,QB,15,22.0,11.0,11.0,17.259586
6,Kirk Cousins,QB,2,22.0,2.0,20.0,17.309631
15,Joe Burrow,QB,16,22.0,18.0,4.0,19.711567
7,Matt Ryan,QB,14,22.0,10.0,12.0,19.783697
10,Colt McCoy,QB,34,22.0,33.0,-11.0,18.189438
8,Tua Tagovailoa,QB,15,22.0,18.0,4.0,17.23708
4,Derek Carr,QB,24,22.0,24.0,-2.0,16.316423
16,Tim Boyle,QB,23,22.0,24.0,-2.0,18.121546
3,Tom Brady,QB,4,22.0,3.0,19.0,15.871849
17,Mac Jones,QB,6,22.0,5.0,17.0,20.28295
18,Taylor Heinicke,QB,33,22.0,33.0,-11.0,19.000801
13,Trevor Lawrence,QB,24,22.0,24.0,-2.0,22.19699
5,Jalen Hurts,QB,8,22.0,14.0,8.0,16.728777
14,Cam Newton,QB,20,22.0,19.0,3.0,20.91743
11,Baker Mayfield,QB,25,22.0,23.0,-1.0,19.477972
12,Tua Tagovailoa,QB,17,22.0,20.0,2.0,19.537407
16,Cooper Rush,QB,28,23.0,31.0,-8.0,18.174261
18,Jordan Love,QB,31,23.0,32.0,-9.0,20.230703
4,Russell Wilson,QB,10,23.0,11.0,12.0,17.263264
15,Tyler Huntley,QB,1,23.0,1.0,22.0,19.920794
17,Tua Tagovailoa,QB,29,23.0,29.0,-6.0,20.492916
3,Ryan Tannehill,QB,8,23.0,10.0,13.0,16.498632
14,Jimmy Garoppolo,QB,10,23.0,13.0,10.0,21.824587
12,Matt Ryan,QB,23,23.0,25.0,-2.0,19.566246
6,Sam Darnold,QB,16,23.0,17.0,6.0,17.443516
5,Trevor Lawrence,QB,10,23.0,12.0,11.0,16.900288
8,Taylor Heinicke,QB,22,23.0,19.0,4.0,17.248003
10,Aaron Rodgers,QB,18,23.0,19.0,4.0,18.936089
13,Tyrod Taylor,QB,27,23.0,27.0,-4.0,23.25865
11,Trevor Lawrence,QB,22,23.0,26.0,-3.0,20.393732
7,Geno Smith,QB,19,23.0,20.0,3.0,19.893991
9,Jimmy Garoppolo,QB,8,23.0,6.0,17.0,20.591501
12,Trevor Siemian,QB,26,24.0,28.0,-4.0,19.610662
3,Josh Allen,QB,1,24.0,1.0,23.0,16.93161
11,Andy Dalton,QB,15,24.0,16.0,8.0,21.107012
10,Mike White,QB,31,24.0,26.0,-2.0,20.37478
6,Jacoby Brissett,QB,30,24.0,30.0,-6.0,17.584757
13,Ben Roethlisberger,QB,8,24.0,14.0,10.0,23.700426
7,Teddy Bridgewater,QB,17,24.0,17.0,7.0,21.262012
18,Sam Darnold,QB,17,24.0,17.0,7.0,21.413029
17,Baker Mayfield,QB,17,24.0,14.0,10.0,20.817846
14,Trevor Lawrence,QB,30,24.0,28.0,-4.0,22.161158
9,Trevor Lawrence,QB,28,24.0,28.0,-4.0,20.611273
8,Trevor Lawrence,QB,20,24.0,20.0,4.0,17.9574
15,Ben Roethlisberger,QB,19,24.0,20.0,4.0,20.554403
16,Jalen Hurts,QB,13,24.0,14.0,10.0,18.445196
5,Trey Lance,QB,20,24.0,20.0,4.0,17.030582
4,Baker Mayfield,QB,28,24.0,32.0,-8.0,17.619158
16,Drew Lock,QB,26,25.0,29.0,-4.0,18.594551
4,Ryan Tannehill,QB,17,25.0,22.0,3.0,17.855663
11,Trevor Siemian,QB,6,25.0,6.0,19.0,21.864693
13,Russell Wilson,QB,12,25.0,13.0,12.0,24.97149
6,Ben Roethlisberger,QB,23,25.0,23.0,2.0,17.954609
7,Mac Jones,QB,8,25.0,4.0,21.0,25.19595
12,Jared Goff,QB,18,25.0,17.0,8.0,20.000889
5,Justin Fields,QB,28,25.0,30.0,-5.0,17.599562
17,Zach Wilson,QB,16,25.0,17.0,8.0,22.074081
14,Ben Roethlisberger,QB,5,25.0,4.0,21.0,23.161316
9,Ben Roethlisberger,QB,14,25.0,15.0,10.0,22.663519
3,Jacoby Brissett,QB,12,25.0,17.0,8.0,17.811266
10,Jared Goff,QB,29,25.0,30.0,-5.0,20.832693
18,Trevor Siemian,QB,27,25.0,27.0,-2.0,21.589891
8,Patrick Mahomes,QB,17,25.0,16.0,9.0,18.614334
15,Cam Newton,QB,5,25.0,6.0,19.0,20.576958
6,Mac Jones,QB,17,26.0,18.0,8.0,18.442127
16,Davis Mills,QB,9,26.0,12.0,14.0,18.797768
12,Andy Dalton,QB,13,26.0,9.0,17.0,20.216902
5,Kirk Cousins,QB,23,26.0,21.0,5.0,18.914303
9,Lamar Jackson,QB,2,26.0,1.0,25.0,24.19616
14,PJ Walker,QB,27,26.0,27.0,-1.0,23.410011
4,Zach Wilson,QB,20,26.0,17.0,9.0,19.025726
11,Colt McCoy,QB,8,26.0,7.0,19.0,23.2658
18,Jared Goff,QB,12,26.0,15.0,11.0,21.634686
15,Trevor Lawrence,QB,21,26.0,24.0,2.0,20.661928
13,Mike Glennon,QB,25,26.0,25.0,1.0,26.010904
8,Teddy Bridgewater,QB,20,26.0,22.0,4.0,19.059181
3,Daniel Jones,QB,20,26.0,24.0,2.0,18.133953
10,Case Keenum,QB,30,26.0,31.0,-5.0,21.213379
17,Tim Boyle,QB,12,26.0,13.0,13.0,22.338888
18,Drew Lock,QB,9,27.0,9.0,18.0,21.822584
3,Kyler Murray,QB,15,27.0,12.0,15.0,18.174387
8,Josh Allen,QB,1,27.0,2.0,25.0,20.677086
17,Andy Dalton,QB,22,27.0,22.0,5.0,22.378742
10,Tua Tagovailoa,QB,15,27.0,16.0,11.0,21.974874
11,Ben Roethlisberger,QB,8,27.0,10.0,17.0,23.538475
15,Colt McCoy,QB,33,27.0,33.0,-6.0,21.280901
14,Jared Goff,QB,22,27.0,21.0,6.0,24.12156
16,Sam Darnold,QB,24,27.0,26.0,1.0,18.842205
4,Daniel Jones,QB,7,27.0,5.0,22.0,20.10059
5,Josh Allen,QB,4,27.0,4.0,23.0,19.561588
13,Davis Mills,QB,26,27.0,26.0,1.0,28.732811
6,Daniel Jones,QB,28,27.0,28.0,-1.0,20.125557
12,Teddy Bridgewater,QB,12,27.0,14.0,13.0,20.533278
15,Zach Wilson,QB,18,28.0,17.0,11.0,22.983072
14,Mike Glennon,QB,12,28.0,11.0,17.0,24.182621
6,Tua Tagovailoa,QB,11,28.0,7.0,21.0,22.573618
17,Jordan Love,QB,32,28.0,32.0,-4.0,24.680882
3,Kirk Cousins,QB,6,28.0,6.0,22.0,18.968473
4,Justin Fields,QB,32,28.0,30.0,-2.0,21.064833
8,Baker Mayfield,QB,28,28.0,29.0,-1.0,23.025372
18,Tua Tagovailoa,QB,22,28.0,24.0,4.0,22.581755
5,Ben Roethlisberger,QB,18,28.0,18.0,10.0,19.571188
10,Trevor Siemian,QB,4,28.0,4.0,24.0,22.402336
16,Russell Wilson,QB,14,28.0,15.0,13.0,20.409248
11,Tyrod Taylor,QB,11,28.0,11.0,17.0,29.941307
12,Daniel Jones,QB,16,28.0,16.0,12.0,21.159817
15,Mac Jones,QB,9,29.0,9.0,20.0,24.364702
4,Trevor Lawrence,QB,19,29.0,21.0,8.0,22.119848
11,Tyler Huntley,QB,17,29.0,18.0,11.0,30.104681
18,Case Keenum,QB,21,29.0,20.0,9.0,23.024624
10,Cooper Rush,QB,35,29.0,35.0,-6.0,24.207996
12,Cam Newton,QB,31,29.0,30.0,-1.0,23.16831
3,Davis Mills,QB,27,29.0,28.0,1.0,19.687965
17,Sam Darnold,QB,31,29.0,30.0,-1.0,24.78339
5,Jacoby Brissett,QB,19,29.0,19.0,10.0,20.107374
16,Ben Roethlisberger,QB,31,29.0,27.0,2.0,21.604965
8,Geno Smith,QB,7,29.0,8.0,21.0,24.125593
14,Zach Wilson,QB,23,29.0,25.0,4.0,24.93206
6,Taylor Heinicke,QB,25,29.0,25.0,4.0,22.675146
17,Drew Lock,QB,13,30.0,15.0,15.0,25.032291
16,Josh Johnson,QB,8,30.0,5.0,25.0,24.018671
10,PJ Walker,QB,27,30.0,29.0,1.0,25.41796
4,Lamar Jackson,QB,15,30.0,12.0,18.0,24.900639
15,Drew Lock,QB,28,30.0,29.0,1.0,25.357094
5,Zach Wilson,QB,30,30.0,32.0,-2.0,21.055403
12,Trevor Lawrence,QB,10,30.0,15.0,15.0,23.314564
18,Zach Wilson,QB,28,30.0,29.0,1.0,23.826069
3,Justin Fields,QB,32,30.0,33.0,-3.0,20.510256
18,Gardner Minshew,QB,18,31.0,18.0,13.0,24.848824
16,Zach Wilson,QB,4,31.0,4.0,27.0,24.608057
15,Jared Goff,QB,8,31.0,8.0,23.0,25.575697
4,Jalen Hurts,QB,4,31.0,3.0,28.0,28.443783
5,Joe Burrow,QB,16,31.0,17.0,14.0,21.071434
3,Taylor Heinicke,QB,11,31.0,11.0,20.0,21.834751
17,Trey Lance,QB,10,31.0,11.0,20.0,25.611221
12,Drew Lock,QB,39,31.0,33.0,-2.0,23.49479
18,Andy Dalton,QB,15,32.0,12.0,20.0,29.811424
12,Mac Jones,QB,5,32.0,7.0,25.0,24.990204
3,Dak Prescott,QB,13,32.0,13.0,19.0,22.0746
5,Jameis Winston,QB,5,32.0,5.0,27.0,21.141607
15,Mike Glennon,QB,39,32.0,34.0,-2.0,27.821472
16,Mike Glennon,QB,27,32.0,28.0,4.0,25.717844
16,Mac Jones,QB,32,33.0,30.0,3.0,25.803991
5,Davis Mills,QB,6,33.0,6.0,27.0,21.228735
16,Mason Rudolph,QB,35,34.0,36.0,-2.0,28.9453
